"BrokenLink","SourceFile","LineNumber"
"aspect-ratio-calculator.php","pixel-x-to-centimeter.php","209"
"aspect-ratio-calculator.php","pixel-x-to-centimeter.php","542"
"backlink-analyzer.php","sitemap-generator.php","1149"
"bandwidth-calculator.php","kbps-to-mbps.php","230"
"base64-encode-decode.php","javascript-beautifier.php","210"
"base64-encode-decode.php","uuid-generator.php","752"
"base64-encode-decode.php","uuid-generator.php","1227"
"binary-to-decimal.php","kb-to-gb.php","468"
"body-fat-calculator.php","cc-to-ml.php","569"
"body-fat-calculator.php","drop-to-milliliter.php","317"
"broken-links-finder.php","sitemap-generator.php","1140"
"broken-links-finder.php","sitemap-generator.php","1497"
"byte-to-gb.php","kb-to-gb.php","716"
"byte-to-kb.php","kb-to-gb.php","329"
"byte-to-mb.php","kb-to-gb.php","330"
"calorie-calculator.php","cc-to-ml.php","570"
"calorie-calculator.php","drop-to-milliliter.php","318"
"canonical-checker.php","sitemap-generator.php","1496"
"canonical-url-checker.php","sitemap-generator.php","1250"
"code-editor.php","javascript-beautifier.php","701"
"code-editor.php","uuid-generator.php","844"
"color-picker.php","pixel-x-to-centimeter.php","207"
"concentration-calculator.php","drop-to-milliliter.php","366"
"css-unit-converter.php","pixel-x-to-centimeter.php","309"
"cups-to-ml.php","tablespoons-to-cups.php","703"
"cups-to-ounces.php","tablespoons-to-cups.php","715"
"data-transfer-calculator.php","kbps-to-mbps.php","231"
"density-calculator.php","cc-to-ml.php","617"
"dilution-calculator.php","cc-to-ml.php","614"
"dilution-calculator.php","drop-to-milliliter.php","362"
"download-time-calculator.php","kbps-to-mbps.php","229"
"dpi-calculator.php","pixel-x-to-centimeter.php","541"
"drop-calculator.php","drop-to-milliliter.php","192"
"drop-to-teaspoon.php","drop-to-milliliter.php","191"
"duplicate-content-checker.php","sitemap-generator.php","1150"
"epf-calculator.php","ppf-calculator.php","260"
"feet-to-km.php","feet-to-inches.php","694"
"font-size-converter.php","pixel-x-to-centimeter.php","306"
"fraction-calculator.php","ml-to-teaspoon.php","689"
"fraction-calculator.php","ml-to-teaspoon.php","927"
"gallons-to-ounces.php","tablespoons-to-cups.php","719"
"gbps-to-mbps.php","kbps-to-mbps.php","215"
"gb-to-tb.php","gb-to-kb.php","188"
"gb-to-tb.php","kb-to-gb.php","346"
"gb-to-tb.php","kb-to-gb.php","467"
"gb-to-tb.php","kb-to-gb.php","715"
"goal-planning-calculator.php","ppf-calculator.php","379"
"htaccess-generator.php","sitemap-generator.php","1246"
"image-compressor.php","pixel-x-to-centimeter.php","304"
"inches-to-meter.php","feet-to-inches.php","686"
"inches-to-yard.php","feet-to-inches.php","678"
"inch-to-pixel.php","pixel-x-to-centimeter.php","193"
"inch-to-pixel.php","pixel-x-to-centimeter.php","539"
"income-tax-calculator.php","ppf-calculator.php","275"
"income-tax-calculator.php","ppf-calculator.php","630"
"investment-calculator.php","towing-estimate-calculator.php","906"
"json-formatter.php","javascript-beautifier.php","209"
"json-formatter.php","javascript-beautifier.php","697"
"json-formatter.php","uuid-generator.php","746"
"json-formatter.php","uuid-generator.php","1226"
"kb-to-tb.php","kb-to-gb.php","338"
"kilometer-to-mile-statute.php","mile-statute-to-kilometer.php","309"
"kilometer-to-mile-statute.php","mile-statute-to-kilometer.php","683"
"km-to-feet.php","feet-to-inches.php","690"
"km-to-meter.php","mile-statute-to-kilometer.php","317"
"km-to-meter.php","mile-statute-to-kilometer.php","685"
"knot-to-kmh.php","knot-to-mph.php","269"
"liter-to-gallon-us.php","cc-to-ml.php","451"
"liter-to-gallon-us.php","cc-to-ml.php","849"
"liter-to-gallon-us.php","drop-to-milliliter.php","206"
"liter-to-gallon-us.php","drop-to-milliliter.php","597"
"liter-to-gallon-us.php","ml-to-teaspoon.php","458"
"liter-to-gallon-us.php","towing-estimate-calculator.php","797"
"markdown-editor.php","javascript-beautifier.php","700"
"mbps-to-gbps.php","kb-to-gb.php","473"
"mbps-to-gbps.php","kbps-to-mbps.php","214"
"mbps-to-gbps.php","kbps-to-mbps.php","693"
"md5-hash-generator.php","kbps-to-mbps.php","463"
"md5-hash-generator.php","uuid-generator.php","754"
"md5-hash-generator.php","uuid-generator.php","948"
"micrometer-to-feet.php","feet-to-inches.php","698"
"ml-to-fluid-ounce.php","fluid-ounce-us-to-milliliter.php","202"
"ml-to-oz.php","cc-to-ml.php","450"
"ml-to-oz.php","cc-to-ml.php","848"
"ml-to-oz.php","drop-to-milliliter.php","200"
"ml-to-oz.php","drop-to-milliliter.php","596"
"ml-to-oz.php","ml-to-teaspoon.php","452"
"molarity-calculator.php","cc-to-ml.php","613"
"molarity-calculator.php","drop-to-milliliter.php","365"
"molarity-to-ppm.php","milligram-liter-to-part-million-ppm.php","157"
"mph-to-kmh.php","knot-to-mph.php","272"
"mps-to-mph.php","knot-to-mph.php","275"
"nps-calculator.php","ppf-calculator.php","261"
"ounces-to-cups.php","tablespoons-to-cups.php","711"
"ounces-to-gallons.php","tablespoons-to-cups.php","723"
"page-speed-analyzer.php","sitemap-generator.php","1141"
"page-speed-analyzer.php","sitemap-generator.php","1498"
"password-generator.php","javascript-beautifier.php","349"
"password-generator.php","uuid-generator.php","736"
"password-generator.php","uuid-generator.php","946"
"password-generator.php","uuid-generator.php","1225"
"ph-calculator.php","cc-to-ml.php","618"
"pints-to-cups.php","tablespoons-to-cups.php","735"
"pint-to-fluid-ounce.php","fluid-ounce-us-to-gallon-us.php","188"
"pixel-to-inch.php","pixel-x-to-centimeter.php","192"
"ppb-to-ppm.php","milligram-liter-to-part-million-ppm.php","160"
"ppm-to-mg-l.php","milligram-liter-to-part-million-ppm.php","151"
"ppm-to-percent.php","milligram-liter-to-part-million-ppm.php","154"
"pregnancy-calculator.php","cc-to-ml.php","573"
"pregnancy-calculator.php","drop-to-milliliter.php","321"
"qr-code-generator.php","javascript-beautifier.php","350"
"qr-code-generator.php","uuid-generator.php","737"
"qr-code-generator.php","uuid-generator.php","1224"
"quart-to-pint.php","quart-to-cups.php","185"
"random-number-generator.php","uuid-generator.php","738"
"random-string-generator.php","uuid-generator.php","952"
"ratio-calculator.php","drop-to-milliliter.php","361"
"ratio-calculator.php","kbps-to-mbps.php","341"
"ratio-calculator.php","ml-to-teaspoon.php","690"
"ratio-calculator.php","pixel-x-to-centimeter.php","209"
"ratio-calculator.php","pixel-x-to-centimeter.php","542"
"regex-tester.php","javascript-beautifier.php","702"
"retirement-calculator.php","ppf-calculator.php","378"
"retirement-calculator.php","ppf-calculator.php","626"
"savings-calculator.php","towing-estimate-calculator.php","909"
"seo-audit-tool.php","sitemap-generator.php","1142"
"sha256-hash-generator.php","uuid-generator.php","947"
"sql-formatter.php","javascript-beautifier.php","699"
"sql-formatter.php","uuid-generator.php","843"
"square-foot-to-square-meter.php","square-inch-to-square-foot.php","202"
"square-inch-to-square-cm.php","square-inch-to-square-foot.php","199"
"ssl-checker.php","sitemap-generator.php","1251"
"ssl-checker.php","sitemap-generator.php","1499"
"tablespoons-to-teaspoons.php","tablespoons-to-cups.php","695"
"tax-calculator.php","ppf-calculator.php","275"
"tax-calculator.php","ppf-calculator.php","630"
"tax-calculator.php","towing-estimate-calculator.php","911"
"tax-saving-calculator.php","ppf-calculator.php","385"
"tb-to-gb.php","kb-to-gb.php","347"
"teaspoons-to-tablespoons.php","tablespoons-to-cups.php","699"
"teaspoon-to-cup.php","ml-to-teaspoon.php","444"
"teaspoon-to-tablespoon.php","ml-to-teaspoon.php","443"
"time-calculator.php","kbps-to-mbps.php","229"
"time-calculator.php","kbps-to-mbps.php","344"
"time-calculator.php","kbps-to-mbps.php","696"
"time-calculator.php","mile-statute-to-kilometer.php","440"
"time-calculator.php","ml-to-teaspoon.php","695"
"tip-calculator.php","towing-estimate-calculator.php","910"
"tip-calculator.php","towing-estimate-calculator.php","1175"
"token-generator.php","uuid-generator.php","953"
"unit-converter.php","cc-to-ml.php","619"
"unit-converter.php","pixel-x-to-centimeter.php","309"
"uptime-monitor.php","sitemap-generator.php","1252"
"url-encoder-decoder.php","javascript-beautifier.php","211"
"url-encoder-decoder.php","sitemap-generator.php","1245"
"url-encoder-decoder.php","uuid-generator.php","753"
"url-encoder-decoder.php","uuid-generator.php","1228"
"volume-calculator.php","drop-to-milliliter.php","367"
"water-intake-calculator.php","cc-to-ml.php","575"
"water-intake-calculator.php","drop-to-milliliter.php","323"
"word-counter.php","javascript-beautifier.php","307"
"xml-beautifier.php","javascript-beautifier.php","195"
"xml-beautifier.php","javascript-beautifier.php","698"
"xml-beautifier.php","uuid-generator.php","842"
"yard-to-inches.php","feet-to-inches.php","674"
